"ch1","ch2","ch3","ch4","ch5","ch6","ch7","ch8","ch9"
-0.8,-1,9.5,-0.1,0.1,0.1,-6.6,0.5,-11.8
-0.8,-1,9.5,0,0.1,-0.1,-6.2,0.2,-12.2
-0.8,-1.1,9.5,-0.1,0.1,0,-6.2,0.2,-12.2
-0.8,-1,9.5,-0.1,-0.1,0,-6.6,0.9,-12.6
-0.8,-1.1,9.5,0.1,0.1,0,-6.6,0.9,-12.6
-0.8,-1,9.5,0.1,0,-0.1,-7,0.9,-11.8
-0.8,-1.1,9.5,-0.1,-0.1,0.1,-7,0.9,-11.8
-0.8,-1.1,9.5,0.1,0,-0.1,-5.9,0.9,-11
-0.8,-1.1,9.5,-0.1,0.1,0.1,-5.9,0.9,-11
-0.8,-1,9.5,0.1,-0.1,0.1,-7,1.6,-11.8
-0.8,-1,9.5,0,0,0,-7,1.6,-11.8
-0.8,-1.1,9.5,0.1,-0.1,-0.1,-6.6,1.2,-11.8
-0.8,-1,9.5,0.1,-0.1,0,-6.6,1.2,-11.8
-0.8,-1,9.5,0,-0.2,0.1,-6.2,1.2,-11.8
-0.8,-1,9.5,0,-0.2,0.1,-6.2,1.2,-11.8
-0.8,-1.1,9.5,0.1,0,-0.1,-7,0.9,-11.8
-0.8,-1.1,9.5,0.1,-0.1,-0.1,-7,0.9,-11.8
-0.8,-1,9.5,-0.1,-0.1,0.1,-6.6,0.5,-12.6
-0.8,-1.1,9.5,-0.1,-0.1,0.1,-6.6,0.5,-12.6
-0.8,-1.1,9.5,-0.1,0.1,0,-5.9,1.2,-12.6
-0.8,-1.1,9.5,-0.1,0.1,0.1,-5.9,1.2,-12.6
-0.8,-1,9.5,0.1,-0.1,0.2,-6.2,1.2,-11.8
-0.8,-1.1,9.5,0.1,-0.1,0,-6.2,1.2,-11.8
-0.8,-1,9.5,0.1,0,0,-5.9,0.2,-11.5
-0.8,-1,9.5,0,0.1,0,-5.9,0.2,-11.5
-0.8,-1,9.5,-0.1,-0.1,-0.1,-6.2,1.2,-11.5
-0.8,-1.1,9.5,0.1,0.1,0.1,-6.2,1.2,-11.5
-0.8,-1.1,9.5,-0.1,0.1,-0.1,-6.2,1.2,-11.5
-0.8,-1.1,9.5,-0.1,-0.1,-0.1,-6.6,0.5,-11.8
-0.8,-1.1,9.5,0.1,0,-0.1,-6.6,0.5,-11.8
-0.8,-1,9.5,-0.1,-0.1,0,-6.2,0.5,-11.8
-0.8,-1.1,9.5,0,0.1,-0.1,-6.2,0.5,-11.8
-0.8,-1.1,9.5,0.1,0.1,-0.1,-7,0.9,-11.5
-0.8,-1,9.5,-0.1,0.1,0,-7,0.9,-11.5
-0.8,-1.1,9.5,0,0.1,0.1,-7,0.5,-11.5
-0.8,-1.1,9.5,-0.1,0,0,-7,0.5,-11.5
-0.8,-1.1,9.5,0,0.1,-0.1,-7,0.2,-11.5
-0.8,-1.1,9.5,0.1,0.2,0.1,-7,0.2,-11.5
-0.8,-1,9.5,-0.1,0.1,-0.1,-7,0.5,-11.8
-0.8,-1,9.5,-0.1,0.1,0.1,-7,0.5,-11.8
-0.8,-1.1,9.5,0.1,0,0.1,-6.6,0.5,-10.6
-0.8,-1.1,9.5,0.1,-0.1,0,-6.6,0.5,-10.6
-0.8,-1.1,9.5,0,0,-0.1,-5.9,0.5,-11.8
-0.8,-1.1,9.5,0,0,-0.1,-5.9,0.5,-11.8
-0.8,-1,9.5,0.1,-0.1,0,-6.6,1.6,-12.2
-0.8,-1,9.5,0,-0.1,0,-6.6,1.6,-12.2
-0.8,-1.1,9.5,0,-0.1,0.1,-7,0.5,-11.5
-0.8,-1.1,9.5,0,-0.1,0,-7,0.5,-11.5
-0.8,-1,9.5,0.1,-0.1,0,-7,0.9,-11.5
-0.8,-1.1,9.5,0,-0.1,0.1,-7,0.9,-11.5
-0.8,-1,9.5,-0.1,0.1,0.1,-6.6,0.5,-11.8
-0.8,-1,9.5,0,0.1,-0.1,-6.2,0.2,-12.2
-0.8,-1.1,9.5,-0.1,0.1,0,-6.2,0.2,-12.2
-0.8,-1,9.5,-0.1,-0.1,0,-6.6,0.9,-12.6
-0.8,-1.1,9.5,0.1,0.1,0,-6.6,0.9,-12.6
-0.8,-1,9.5,0.1,0,-0.1,-7,0.9,-11.8
-0.8,-1.1,9.5,-0.1,-0.1,0.1,-7,0.9,-11.8
-0.8,-1.1,9.5,0.1,0,-0.1,-5.9,0.9,-11
-0.8,-1.1,9.5,-0.1,0.1,0.1,-5.9,0.9,-11
-0.8,-1,9.5,0.1,-0.1,0.1,-7,1.6,-11.8
-0.8,-1,9.5,0,0,0,-7,1.6,-11.8
-0.8,-1.1,9.5,0.1,-0.1,-0.1,-6.6,1.2,-11.8
-0.8,-1,9.5,0.1,-0.1,0,-6.6,1.2,-11.8
-0.8,-1,9.5,0,-0.2,0.1,-6.2,1.2,-11.8
-0.8,-1,9.5,0,-0.2,0.1,-6.2,1.2,-11.8
-0.8,-1.1,9.5,0.1,0,-0.1,-7,0.9,-11.8
-0.8,-1.1,9.5,0.1,-0.1,-0.1,-7,0.9,-11.8
-0.8,-1,9.5,-0.1,-0.1,0.1,-6.6,0.5,-12.6
-0.8,-1.1,9.5,-0.1,-0.1,0.1,-6.6,0.5,-12.6
-0.8,-1.1,9.5,-0.1,0.1,0,-5.9,1.2,-12.6
-0.8,-1.1,9.5,-0.1,0.1,0.1,-5.9,1.2,-12.6
-0.8,-1,9.5,0.1,-0.1,0.2,-6.2,1.2,-11.8
-0.8,-1.1,9.5,0.1,-0.1,0,-6.2,1.2,-11.8
-0.8,-1,9.5,0.1,0,0,-5.9,0.2,-11.5
-0.8,-1,9.5,0,0.1,0,-5.9,0.2,-11.5
-0.8,-1,9.5,-0.1,-0.1,-0.1,-6.2,1.2,-11.5
-0.8,-1.1,9.5,0.1,0.1,0.1,-6.2,1.2,-11.5
-0.8,-1.1,9.5,-0.1,0.1,-0.1,-6.2,1.2,-11.5
-0.8,-1.1,9.5,-0.1,-0.1,-0.1,-6.6,0.5,-11.8
-0.8,-1.1,9.5,0.1,0,-0.1,-6.6,0.5,-11.8
-0.8,-1,9.5,-0.1,-0.1,0,-6.2,0.5,-11.8
-0.8,-1.1,9.5,0,0.1,-0.1,-6.2,0.5,-11.8
-0.8,-1.1,9.5,0.1,0.1,-0.1,-7,0.9,-11.5
-0.8,-1,9.5,-0.1,0.1,0,-7,0.9,-11.5
-0.8,-1.1,9.5,0,0.1,0.1,-7,0.5,-11.5
-0.8,-1.1,9.5,-0.1,0,0,-7,0.5,-11.5
-0.8,-1.1,9.5,0,0.1,-0.1,-7,0.2,-11.5
-0.8,-1.1,9.5,0.1,0.2,0.1,-7,0.2,-11.5
-0.8,-1,9.5,-0.1,0.1,-0.1,-7,0.5,-11.8
-0.8,-1,9.5,-0.1,0.1,0.1,-7,0.5,-11.8
-0.8,-1.1,9.5,0.1,0,0.1,-6.6,0.5,-10.6
-0.8,-1.1,9.5,0.1,-0.1,0,-6.6,0.5,-10.6
-0.8,-1.1,9.5,0,0,-0.1,-5.9,0.5,-11.8
-0.8,-1.1,9.5,0,0,-0.1,-5.9,0.5,-11.8
-0.8,-1,9.5,0.1,-0.1,0,-6.6,1.6,-12.2
-0.8,-1,9.5,0,-0.1,0,-6.6,1.6,-12.2
-0.8,-1.1,9.5,0,-0.1,0.1,-7,0.5,-11.5
-0.8,-1.1,9.5,0,-0.1,0,-7,0.5,-11.5
-0.8,-1,9.5,0.1,-0.1,0,-7,0.9,-11.5
-0.8,-1.1,9.5,0,-0.1,0.1,-7,0.9,-11.5
-0.8,-1.1,9.5,-0.1,-0.1,0.1,-6.2,0.5,-12.6
-0.8,-1.1,9.5,0.1,-0.1,0.1,-7,0.2,-11.5
-0.8,-1,9.5,0,-0.1,0,-7,0.2,-11.5
-0.8,-1.1,9.5,0,0.1,-0.1,-6.2,0.9,-11.5
-0.8,-1,9.5,0.1,-0.1,0.1,-6.2,0.9,-11.5
-0.8,-1,9.5,0.1,0.2,0.1,-5.9,0.2,-11.5
-0.8,-1.1,9.5,0,-0.1,-0.2,-5.9,0.2,-11.5
-0.8,-1,9.5,0.1,0.2,0,-5.5,0.5,-11.8
-0.8,-1.1,9.5,0.1,0,-0.1,-5.5,0.5,-11.8
-0.8,-1.1,9.5,0,0.1,-0.1,-5.5,0.5,-11.8
-0.8,-1.1,9.5,0.1,0,0.1,-5.9,1.2,-11.5
-0.8,-1.1,9.5,0.1,0.1,-0.1,-5.9,1.2,-11.5
-0.8,-1.1,9.5,-0.1,0.1,0,-6.6,0.5,-12.6
-0.8,-1.1,9.5,0.1,0.1,0.1,-6.6,0.5,-12.6
-0.9,-1,9.5,0.1,-0.1,0.1,-7,0.9,-11.5
-0.8,-1.1,9.5,0.1,-0.1,-0.1,-7,0.9,-11.5
-0.8,-1.1,9.5,0,-0.1,0.1,-6.2,0.2,-12.2
-0.8,-1,9.5,0,0.1,0,-6.2,0.2,-12.2
-0.8,-1.1,9.5,0.1,-0.1,0,-5.9,0.2,-11.5
-0.8,-1.1,9.5,-0.1,0.1,0.1,-5.9,0.2,-11.5
-0.8,-1.1,9.5,-0.1,0.1,0,-6.6,0.9,-11.5
-0.8,-1.1,9.5,0,0.1,0.1,-6.6,0.9,-11.5
-0.8,-1.1,9.5,-0.1,0.1,-0.1,-6.2,0.9,-11.1
-0.8,-1.1,9.5,0.1,0,-0.1,-6.2,0.9,-11.1
-0.8,-1.1,9.5,0,0.2,0.1,-6.6,0.9,-12.2
-0.8,-1,9.5,-0.1,0,0.1,-6.6,0.9,-12.2
-0.8,-1,9.5,0,0,0.1,-5.9,0.9,-11.5
-0.8,-1.1,9.5,-0.1,-0.1,0,-5.9,0.9,-11.5
-0.8,-1.1,9.5,0,0,0.1,-7,1.2,-11.8
-0.8,-1.1,9.5,-0.1,0.1,-0.1,-7,1.2,-11.8
-0.8,-1.1,9.5,0.1,-0.1,0.1,-6.6,0.2,-11.8
-0.8,-1.1,9.5,0,-0.1,0,-6.6,0.2,-11.8
-0.8,-1,9.5,-0.1,0.1,0.1,-7.4,1.2,-11.1
-0.8,-1.1,9.5,0,-0.1,0,-7.4,1.2,-11.1
-0.8,-1.1,9.5,0.1,-0.1,0,-6.2,0.9,-12.6
-0.8,-1,9.5,0,0,0,-6.2,0.9,-12.6
-0.8,-1.1,9.5,-0.1,0.1,-0.1,-6.6,0.5,-12.6
-0.8,-1,9.5,0,-0.1,0.1,-6.6,0.5,-12.6
-0.8,-1.1,9.5,0,-0.1,-0.1,-5.9,0.5,-12.2
-0.9,-1,9.5,0.1,0.1,-0.1,-5.9,0.5,-12.2
-0.8,-1.1,9.5,0,0,0.1,-6.2,0.2,-12.6
-0.8,-1.1,9.5,-0.1,0.1,0,-6.2,0.2,-12.6
-0.8,-1.1,9.5,0.1,-0.1,0.1,-6.6,0.2,-11.8
-0.8,-1.1,9.5,0,-0.2,0.1,-6.6,0.2,-11.8
-0.8,-1.1,9.5,0.1,0.1,0.1,-6.2,0.9,-11.5
-0.8,-1,9.5,0,0.1,-0.1,-6.2,0.9,-11.5
-0.8,-1.1,9.5,0.1,-0.1,-0.2,-5.5,0.9,-11.8
-0.8,-1.1,9.5,-0.1,0.1,-0.1,-5.5,0.9,-11.8
-0.8,-1.1,9.5,-0.1,-0.1,0,-7,0.5,-12.2
-0.8,-1.1,9.5,0,0.1,0,-7,0.5,-12.2
-0.8,-1,9.5,-0.1,0.1,-0.1,-6.6,0.5,-12.2
-0.8,-1.1,9.5,-0.1,0,0.1,-6.6,0.5,-12.2
-0.8,-1.1,9.5,-0.1,0.1,0,-6.2,0.9,-11.5
-0.8,-1.1,9.5,0,-0.1,0.1,-6.2,0.9,-11.5
-0.8,-1.1,9.5,0.1,-0.1,0,-6.2,0.5,-11.5
-0.8,-1.1,9.5,0.1,-0.1,0.1,-6.2,0.5,-11.5
-0.8,-1.1,9.5,-0.1,0,0,-6.6,0.5,-12.2
-0.8,-1.1,9.5,0.1,0,0,-6.6,0.5,-12.2
-0.9,-1.1,9.5,0.1,-0.2,0.1,-6.6,1.2,-12.2
-0.8,-1.1,9.5,0.1,0,0.1,-6.6,1.2,-12.2
-0.8,-1.1,9.5,-0.1,-0.1,0,-7,0.9,-11.8
-0.8,-1.1,9.5,-0.1,-0.1,-0.1,-7,0.9,-11.8
-0.8,-1,9.5,0,-0.1,-0.1,-6.6,0.9,-11.8
-0.8,-1,9.5,-0.1,-0.1,0.1,-6.6,0.9,-11.8
-0.9,-1,9.5,-0.1,0.1,-0.1,-6.6,1.2,-11
-0.8,-1,9.5,-0.1,0,0.1,-6.6,1.2,-11
-0.8,-1.1,9.5,0.1,0,-0.1,-6.6,0.2,-11.1
-0.8,-1.1,9.5,0,0,0,-6.6,0.2,-11.1
-0.8,-1,9.5,0,0,0.1,-5.9,0.5,-12.2
-0.8,-1.1,9.5,0,0.1,0.1,-5.9,0.5,-12.2
-0.8,-1.1,9.5,0,-0.1,0.1,-5.9,1.2,-12.2
-0.8,-1.1,9.5,0,-0.1,0,-5.9,1.2,-12.2
-0.8,-1.1,9.5,-0.1,0.1,0,-5.9,0.5,-11.5
-0.8,-1.1,9.5,0,-0.1,0,-5.9,0.5,-11.5
-0.8,-1.1,9.5,0,-0.1,0,-6.2,0.5,-11.8
-0.8,-1.1,9.5,0.1,0,-0.1,-6.2,0.5,-11.8
-0.8,-1,9.5,0,0,0,-6.2,0.5,-10.2
-0.9,-1,9.6,-0.1,0.1,0.1,-6.2,0.5,-10.2
-0.8,-1.1,9.5,0,-0.1,-0.1,-6.6,0.9,-11.5
-0.8,-1.1,9.5,0.1,-0.1,0.1,-6.6,0.9,-11.5
-0.8,-1,9.4,-0.1,-0.1,0,-7,1.2,-11.8
-0.8,-1,9.5,0.1,-0.1,0,-7,1.2,-11.8
-0.9,-1,9.5,0,0.1,0,-6.6,0.2,-13
-0.8,-1,9.5,0,0.1,0,-6.6,0.2,-13
-0.8,-1.1,9.5,-0.1,0.1,0.1,-6.2,0.9,-11.5
-0.8,-1.1,9.5,-0.1,0.1,0,-6.2,0.9,-11.5
-0.8,-1,9.5,0.2,-0.1,0,-6.2,0.9,-11.8
-0.8,-1.1,9.5,-0.1,0.1,0.1,-6.2,0.9,-11.8
-0.9,-1,9.5,0.1,-0.2,0,-6.6,-0.2,-12.2
-0.8,-1,9.5,-0.1,0,0,-6.6,-0.2,-12.2
-0.8,-1.1,9.5,0.1,-0.1,0.1,-6.2,0.9,-12.2
-0.8,-1,9.5,0,0.1,-0.1,-6.2,0.9,-12.2
-0.8,-1.1,9.5,0,0,0,-6.2,1.2,-10.6
-0.8,-1.1,9.5,0,-0.1,0.1,-6.2,1.2,-10.6
-0.8,-1.1,9.5,-0.1,0.1,0.1,-6.6,0.9,-11.8
-0.8,-1.1,9.5,0.1,-0.1,-0.1,-6.6,0.9,-11.8
-0.8,-1.1,9.5,0,0,-0.1,-6.6,0.9,-11.8
-0.8,-1.1,9.5,0,0.1,-0.1,-6.6,0.9,-11.8
-0.8,-1.1,9.5,0,0.1,0,-5.9,0.9,-11.8
-0.8,-1,9.5,0.1,0.1,-0.1,-5.9,0.9,-11.8
-0.8,-1,9.5,0,0.1,0,-5.9,0.9,-11.8
-0.8,-1.1,9.5,0.1,-0.1,-0.1,-5.9,0.9,-11.8
-0.8,-1,9.5,0,0,-0.1,-7,0.9,-11.8
-0.8,-1.1,9.5,0.1,0.1,-0.1,-7,0.9,-11.8
-0.8,-1.1,9.5,0.1,0,0.1,-7,0.9,-11.1
-0.8,-1.1,9.5,0.2,0.1,0.2,-7,0.9,-11.1
-0.8,-1,9.5,0,0.1,0,-6.2,1.2,-11.5
-0.8,-1.1,9.5,0.1,0.1,-0.1,-6.2,1.2,-11.5
-0.8,-1.1,9.4,0.1,0,0,-6.2,1.2,-11.5
-0.8,-1,9.5,0,0.1,0,-6.6,1.2,-11.5
-0.8,-1,9.5,0.1,0.1,-0.1,-6.6,1.2,-11.5
-0.8,-1.1,9.5,0.1,-0.1,0.1,-6.6,2,-11.5
-0.8,-1.1,9.5,0,0.1,0,-6.6,2,-11.5
-0.8,-1.1,9.5,-0.1,0.2,0.1,-5.9,1.6,-11.8
-0.8,-1,9.5,0.1,0.1,0,-5.9,1.6,-11.8
-0.8,-1,9.5,-0.1,-0.2,0.1,-6.6,0.9,-10.6
-0.8,-1.1,9.5,-0.1,-0.1,-0.1,-6.6,0.9,-10.6
-0.8,-1,9.5,-0.2,-0.1,0.1,-6.2,1.2,-11.1
-0.8,-1,9.5,-0.1,-0.2,0.1,-6.2,1.2,-11.1
-0.8,-1,9.5,0,0.2,-0.1,-6.2,0.5,-11.8
-0.8,-1.1,9.5,-0.1,-0.1,0,-6.2,0.5,-11.8
-0.8,-1,9.5,-0.1,0,0,-6.2,0.9,-12.2
-0.8,-1.1,9.5,0,0.1,0.1,-6.2,0.9,-12.2
-0.8,-1.1,9.5,-0.1,-0.2,0,-6.2,0.9,-11.1
-0.8,-1.1,9.5,0,-0.1,0.1,-6.2,0.9,-11.1
-0.8,-1,9.5,-0.2,0,0.1,-5.5,0.9,-11.5
-0.8,-1.1,9.5,0,0,0,-5.5,0.9,-11.5
-0.8,-1.1,9.5,-0.2,0,0.1,-6.2,0.9,-12.6
-0.8,-1.1,9.5,0,-0.1,0,-6.2,0.9,-12.6
-0.8,-1.1,9.5,-0.1,0,0,-7,1.2,-11.8
-0.8,-1,9.5,-0.1,-0.3,-0.1,-7,1.2,-11.8
-0.8,-1,9.5,-0.2,-0.1,-0.1,-7,-0.2,-12.2
-0.9,-1,9.5,-0.1,-0.1,-0.1,-7,-0.2,-12.2
-0.9,-1,9.5,-0.1,-0.2,0.1,-6.6,0.5,-11.1
-0.8,-1.1,9.5,0,-0.1,-0.1,-6.6,0.5,-11.1
-0.8,-1,9.5,0.1,-0.2,0.1,-6.2,0.9,-11.5
-0.8,-1.1,9.5,0,0.1,-0.1,-6.2,0.9,-11.5
-0.8,-1.1,9.5,0.2,0,0,-6.6,0.5,-10.6
-0.9,-1,9.5,0,0.1,-0.1,-6.6,0.5,-10.6
-0.9,-1.1,9.5,0,-0.1,-0.1,-6.6,0.2,-11.8
-0.8,-1.1,9.5,-0.1,0,-0.1,-6.6,0.2,-11.8
-0.8,-1.1,9.5,-0.1,-0.1,-0.1,-6.6,1.2,-11.5
-0.8,-1.1,9.5,0.1,0.1,-0.1,-6.6,1.2,-11.5
-0.8,-1,9.5,0.1,-0.1,0,-7,-0.2,-11.5
-0.9,-1.1,9.5,0,0.1,0,-7,-0.2,-11.5
-0.9,-1,9.5,0.1,-0.1,0,-7,1.2,-11.5
-0.8,-1.1,9.5,0.1,0,-0.1,-7,1.2,-11.5
-0.8,-1.1,9.5,0,0.1,0,-6.2,0.2,-11.8
-0.8,-1,9.5,0.1,-0.1,0,-6.2,0.2,-11.8
-0.8,-1.1,9.5,0,-0.1,0,-5.9,0.5,-11.8
-0.9,-1,9.5,0,0,0.2,-5.9,0.5,-11.8
-0.8,-1.1,9.5,0.1,-0.1,0,-7,0.5,-12.2
-0.8,-1,9.5,0.1,-0.1,0.1,-7,0.5,-12.2
-0.8,-1.1,9.5,0.1,-0.1,0.1,-7,0.9,-11.1
-0.8,-1.1,9.5,0,0.2,0.1,-7,0.9,-11.1
-0.9,-1.1,9.5,0.1,0.1,-0.1,-6.6,1.2,-12.2
-0.9,-1,9.5,0.1,0.1,-0.1,-6.6,1.2,-12.2
-0.9,-1,9.5,0.2,0,-0.1,-6.6,1.6,-10.6
-0.8,-1.1,9.5,0,0.2,-0.1,-6.6,1.6,-10.6
-0.8,-1,9.5,0.1,0.2,0,-5.5,0.9,-11.5
-0.8,-1,9.5,0.1,0.1,-0.1,-5.5,0.9,-11.5
-0.8,-1.1,9.5,0.1,0.1,0.1,-6.2,0.2,-12.2
-0.8,-1.1,9.5,0.1,0.1,-0.1,-6.2,0.2,-12.2
-0.8,-1,9.5,0.1,0,0,-6.6,0.5,-12.6
-0.8,-1,9.5,0.1,0.1,0,-6.6,0.5,-12.6
-0.8,-1.1,9.5,0.1,0,0.1,-6.2,1.2,-11.1
-0.8,-1.1,9.5,0.1,0.1,-0.1,-6.2,1.2,-11.1
-0.8,-1.1,9.5,0,0,0.1,-15.2,0.7,-19.8
-0.9,-1.1,9.5,0.1,-0.1,0.1,-15.2,0.7,-19.8
-0.8,-1,9.5,0.1,0.2,-0.1,-15.9,0.7,-20.1
-0.8,-1.1,9.5,0,0.2,0.1,-15.9,0.7,-20.1
-0.8,-1.1,9.5,0.1,0.1,0.1,-15.6,0.2,-20.1
-0.8,-1.1,9.5,0.1,-0.1,-0.1,-15.6,0.2,-20.1
-0.8,-1,9.5,0.2,0.1,0.1,-15.2,1.1,-19.8
-0.8,-1.1,9.5,0.1,0.2,0,-15.2,1.1,-19.8
-0.8,-1.1,9.5,0.1,-0.1,0.1,-16.2,0.7,-20.1
-0.8,-1,9.5,-0.1,-0.1,-0.1,-16.2,0.7,-20.1
-0.8,-1.1,9.5,0,0,0,-15.2,0.2,-19.8
-0.8,-1.1,9.5,-0.1,-0.1,0.1,-15.2,0.2,-19.8
-0.8,-1,9.5,0.1,0,0.1,-15.9,0.2,-19.8
-0.8,-1,9.5,0.1,-0.1,0.1,-15.9,0.2,-19.8
-0.8,-1,9.5,0.1,-0.1,-0.1,-16.2,1.1,-20.6
-0.8,-1.1,9.5,-0.1,-0.1,0.1,-16.2,1.1,-20.6
-0.8,-1.1,9.5,0,0,-0.1,-16.2,0,-20.9
-0.8,-1.1,9.5,-0.1,-0.1,0,-16.2,0,-20.9
-0.8,-1.1,9.5,0,0.1,-0.1,-15.9,-0.4,-20.9
-0.8,-1.1,9.5,-0.1,-0.1,0.1,-15.9,-0.4,-20.9
-0.9,-1,9.5,-0.1,-0.1,0.1,-15.2,0.2,-19.8
-0.9,-1.1,9.5,0.1,-0.2,0,-15.2,0.2,-19.8
-0.8,-1,9.5,0.1,0,0,-16.2,0.2,-20.9
-0.8,-1.1,9.5,0.1,-0.1,-0.1,-16.2,0.2,-20.9
-0.8,-1.1,9.5,0,0.1,0.1,-16.2,0.2,-20.1
-0.8,-1,9.5,0.1,-0.1,-0.1,-16.2,0.2,-20.1
-0.8,-1.1,9.5,0,-0.2,-0.1,-15.2,-0.4,-19.4
-0.8,-1,9.5,0,-0.1,-0.2,-15.2,-0.4,-19.4
-0.8,-1,9.5,0,0.1,0.1,-15.9,0,-20.6
-0.8,-1.1,9.5,0.1,-0.1,0.1,-15.9,0,-20.6
-0.8,-1.1,9.5,0,-0.1,0.1,-15.9,0,-20.1
-0.8,-1.1,9.5,-0.1,0.4,-0.2,-15.9,0,-20.1
-0.8,-1.1,9.5,0.1,0.1,0,-15.2,0,-19.8
-0.8,-1.1,9.5,0,-0.2,0,-15.2,0,-19.8
-0.8,-1.1,9.5,0,-0.2,0,-15.9,0,-20.6
-0.8,-1,9.5,0,0.2,-0.1,-15.9,0,-20.6
-0.8,-1.1,9.5,0.1,0.1,-0.1,-15.2,0.2,-20.9
-0.8,-1,9.5,0,0,-0.1,-15.2,0.2,-20.9
-0.8,-1.1,9.5,-0.1,-0.1,0.1,-15.6,0,-19.8
-0.8,-1.1,9.5,0.1,0,0.1,-15.6,0,-19.8
-0.8,-1.1,9.5,0,0.1,0,-15.6,0,-19.8
-0.8,-1.1,9.5,0,-0.1,0,-15.6,0.2,-20.1
-0.8,-1.1,9.5,0,-0.2,0.1,-15.6,0.2,-20.1
-0.8,-1,9.5,-0.1,0,0,-15.6,0.2,-19.4
-0.8,-1,9.5,0,0,0.1,-15.6,0.2,-19.4
-0.8,-1,9.5,0,0.2,0.1,-15.6,0.2,-20.1
-0.8,-1.1,9.5,0,0,0.1,-15.6,0.2,-20.1
-0.8,-1.1,9.5,0,0,0,-15.9,-0.4,-19.4
-0.8,-1,9.5,0,-0.1,0,-15.9,-0.4,-19.4
-0.8,-1,9.5,0,0,0,-15.9,0.2,-18.9
-0.8,-1,9.5,0.1,-0.1,0.1,-15.9,0.2,-18.9
-0.8,-1,9.5,-0.1,0.1,0.1,-15.9,0.2,-20.6
-0.8,-1,9.5,-0.1,0,-0.1,-15.9,0.2,-20.6
-0.8,-1,9.5,-0.1,0.1,0.1,-15.9,0,-20.9
-0.8,-1,9.5,0,0.1,-0.1,-15.9,0,-20.9
-0.8,-1.1,9.5,-0.1,0,-0.1,-14.8,0,-20.6
-0.9,-1,9.5,0,-0.1,-0.1,-14.8,0,-20.6
-0.8,-1.1,9.5,0,-0.2,-0.1,-15.6,1.1,-19.8
-0.8,-1,9.5,-0.1,-0.1,0.1,-15.6,1.1,-19.8
-0.8,-1.1,9.5,0.1,0,-0.2,-15.6,1.1,-20.1
-0.8,-1,9.5,0.1,0.1,-0.1,-15.6,1.1,-20.1
-0.8,-1,9.5,0,0.1,-0.1,-15.9,1.1,-20.9
-0.9,-1.1,9.5,0.2,0.2,-0.1,-15.9,1.1,-20.9
-0.8,-1.1,9.5,0,-0.1,0.1,-16.2,0,-20.1
-0.8,-1.1,9.5,0,0,-0.1,-16.2,0,-20.1
-0.8,-1.1,9.5,-0.1,0,0.1,-15.9,0,-20.6
-0.8,-1,9.5,0,0,0,-15.9,0,-20.6
-0.8,-1,9.5,0.1,0.1,-0.1,-15.6,-0.4,-20.6
-0.8,-1.1,9.5,0.1,0.1,-0.1,-15.6,-0.4,-20.6
-0.8,-1.1,9.5,0.1,-0.2,0.1,-15.9,-0.4,-20.1
-0.8,-1,9.5,0,-0.1,0,-15.9,-0.4,-20.1
-0.8,-1,9.5,-0.1,-0.3,0,-15.6,-0.4,-19.8
-0.8,-1.1,9.5,-0.1,0,0.1,-15.6,-0.4,-19.8
-0.8,-1.1,9.5,-0.1,-0.1,-0.1,-15.9,0.7,-20.6
-0.8,-1,9.5,-0.1,0,0.1,-15.9,0.7,-20.6
-0.8,-1,9.5,-0.1,-0.2,-0.1,-15.9,-0.4,-19.4
-0.8,-1,9.5,-0.1,0,-0.1,-15.9,-0.4,-19.4
-0.8,-1.1,9.5,0,0.2,-0.1,-16.2,0.7,-20.9
-0.8,-1,9.5,-0.1,-0.1,-0.1,-16.2,0.7,-20.9
-0.8,-1.1,9.5,0,0.1,0,-15.6,0.2,-20.6
-0.8,-1.1,9.5,-0.2,-0.1,0.1,-15.6,0.2,-20.6
-0.8,-1.1,9.5,-0.1,0.1,0,-15.2,0,-20.1
-0.8,-1.1,9.5,0.2,0.2,0.1,-15.2,0,-20.1
-0.8,-1,9.6,0.2,0.2,0,-15.6,0.2,-20.6
-0.8,-1.1,9.5,0,-0.2,0,-15.9,0,-20.6
-0.8,-1,9.5,0,0.2,-0.1,-15.9,0,-20.6
-0.8,-1.1,9.5,0.1,0.1,-0.1,-15.2,0.2,-20.9
-0.8,-1,9.5,0,0,-0.1,-15.2,0.2,-20.9
-0.8,-1.1,9.5,-0.1,-0.1,0.1,-15.6,0,-19.8
-0.8,-1.1,9.5,0.1,0,0.1,-15.6,0,-19.8
-0.8,-1.1,9.5,0,0.1,0,-15.6,0,-19.8
-0.8,-1.1,9.5,0,-0.1,0,-15.6,0.2,-20.1
-0.8,-1.1,9.5,0,-0.2,0.1,-15.6,0.2,-20.1
-0.8,-1,9.5,-0.1,0,0,-15.6,0.2,-19.4
-0.8,-1,9.5,0,0,0.1,-15.6,0.2,-19.4
-0.8,-1,9.5,0,0.2,0.1,-15.6,0.2,-20.1
-0.8,-1.1,9.5,0,0,0.1,-15.6,0.2,-20.1
-0.8,-1.1,9.5,0,0,0,-15.9,-0.4,-19.4
-0.8,-1,9.5,0,-0.1,0,-15.9,-0.4,-19.4
-0.8,-1,9.5,0,0,0,-15.9,0.2,-18.9
-0.8,-1,9.5,0.1,-0.1,0.1,-15.9,0.2,-18.9
-0.8,-1,9.5,-0.1,0.1,0.1,-15.9,0.2,-20.6
-0.8,-1,9.5,-0.1,0,-0.1,-15.9,0.2,-20.6
-0.8,-1,9.5,-0.1,0.1,0.1,-15.9,0,-20.9
-0.8,-1,9.5,0,0.1,-0.1,-15.9,0,-20.9
-0.8,-1.1,9.5,-0.1,0,-0.1,-14.8,0,-20.6
-0.9,-1,9.5,0,-0.1,-0.1,-14.8,0,-20.6
-0.8,-1.1,9.5,0,-0.2,-0.1,-15.6,1.1,-19.8
-0.8,-1,9.5,-0.1,-0.1,0.1,-15.6,1.1,-19.8
-0.8,-1.1,9.5,0.1,0,-0.2,-15.6,1.1,-20.1
-0.8,-1,9.5,0.1,0.1,-0.1,-15.6,1.1,-20.1
-0.8,-1,9.5,0,0.1,-0.1,-15.9,1.1,-20.9
-0.9,-1.1,9.5,0.2,0.2,-0.1,-15.9,1.1,-20.9
-0.8,-1.1,9.5,0,-0.1,0.1,-16.2,0,-20.1
-0.8,-1.1,9.5,0,0,-0.1,-16.2,0,-20.1
-0.8,-1.1,9.5,-0.1,0,0.1,-15.9,0,-20.6
-0.8,-1,9.5,0,0,0,-15.9,0,-20.6
-0.8,-1,9.5,0.1,0.1,-0.1,-15.6,-0.4,-20.6
-0.8,-1.1,9.5,0.1,0.1,-0.1,-15.6,-0.4,-20.6
-0.8,-1.1,9.5,0.1,-0.2,0.1,-15.9,-0.4,-20.1
-0.8,-1,9.5,0,-0.1,0,-15.9,-0.4,-20.1
-0.8,-1,9.5,-0.1,-0.3,0,-15.6,-0.4,-19.8
-0.8,-1.1,9.5,-0.1,0,0.1,-15.6,-0.4,-19.8
-0.8,-1.1,9.5,-0.1,-0.1,-0.1,-15.9,0.7,-20.6
-0.8,-1,9.5,-0.1,0,0.1,-15.9,0.7,-20.6
-0.8,-1,9.5,-0.1,-0.2,-0.1,-15.9,-0.4,-19.4
-0.8,-1,9.5,-0.1,0,-0.1,-15.9,-0.4,-19.4
-0.8,-1.1,9.5,0,0.2,-0.1,-16.2,0.7,-20.9
-0.8,-1,9.5,-0.1,-0.1,-0.1,-16.2,0.7,-20.9
-0.8,-1.1,9.5,0,0.1,0,-15.6,0.2,-20.6
-0.8,-1.1,9.5,-0.2,-0.1,0.1,-15.6,0.2,-20.6
-0.8,-1.1,9.5,-0.1,0.1,0,-15.2,0,-20.1
-0.8,-1.1,9.5,0.2,0.2,0.1,-15.2,0,-20.1
-0.8,-1,9.6,0.2,0.2,0,-15.6,0.2,-20.6
-0.8,-1.1,9.6,-0.1,-0.2,0,-15.6,0.2,-20.6
-0.8,-1.1,9.4,0,-0.2,0.1,-15.6,0.7,-20.9
-0.9,-1,9.6,0,-0.1,0.1,-15.6,0.7,-20.9
-0.8,-1.1,9.5,-0.1,0.2,-0.1,-15.6,0.7,-20.1
-0.8,-1,9.5,0.1,0,-0.1,-15.6,0.7,-20.1
-0.8,-1,9.5,0.1,-0.1,0.1,-15.6,0.2,-20.9
-0.8,-1.1,9.5,-0.1,-0.1,0,-15.6,0.2,-20.9
-0.8,-1.1,9.5,0.1,0.1,-0.1,-14.4,0,-20.6
-0.9,-1,9.5,-0.1,-0.1,0.1,-14.4,0,-20.6
-0.8,-1.1,9.5,0,-0.1,0,-15.6,0.2,-20.1
-0.8,-1.1,9.5,0.1,0,-0.1,-15.6,0.2,-20.1
-0.8,-1.1,9.5,0,0.1,0,-15.6,-0.8,-20.9
-0.8,-1.1,9.5,-0.1,0,0.1,-15.6,-0.8,-20.9
-0.8,-1,9.5,-0.1,-0.1,-0.1,-15.9,0.2,-20.1
-0.9,-1.1,9.5,0.1,-0.2,0,-15.9,0.2,-20.1
-0.8,-1,9.5,0,0.1,0,-14.8,0.2,-19.8
-0.8,-1.1,9.5,0.1,0.1,0.1,-14.8,0.2,-19.8
-0.8,-1.1,9.5,0,-0.1,0,-15.6,0.2,-19.8
-0.8,-1.1,9.5,-0.1,-0.1,0,-15.6,0.2,-19.8
-0.8,-1.1,9.5,0,0,0,-15.9,0.2,-20.1
-0.8,-1.1,9.5,0,-0.1,0,-15.9,0.2,-20.1
-0.8,-1,9.5,0,0,0,-15.9,0,-20.6
-0.8,-1.1,9.5,-0.1,0,0.1,-15.9,0,-20.6
-0.8,-1.1,9.5,0,-0.1,0,-15.6,0.7,-21.2
-0.8,-1.1,9.5,0,-0.1,0,-15.6,0.7,-21.2
-0.8,-1.1,9.5,0,0.1,0.2,-15.9,0.2,-20.1
-0.8,-1.1,9.5,-0.1,0.1,0,-15.9,0.2,-20.1
-0.8,-1.1,9.5,-0.1,0.1,0.1,-15.9,0.2,-19.4
-0.8,-1,9.5,-0.1,0.1,0.1,-15.9,0.2,-19.4
-0.8,-1.1,9.5,0.2,0.1,-0.1,-15.6,0,-21.2
-0.8,-1.1,9.5,0,-0.1,0,-15.6,0,-21.2
-0.8,-1.1,9.5,0,0.1,0.1,-15.9,0.2,-20.6
-0.8,-1,9.4,-0.1,0.2,-0.1,-15.9,0.2,-20.6
-0.8,-1,9.5,0.1,0,0.1,-15.9,0.2,-20.6
-0.8,-1.1,9.5,0,0,0.1,-15.9,0.2,-20.6
-0.8,-1,9.5,0,0.2,-0.1,-17.1,0.7,-19.8
-0.8,-1.1,9.5,0.1,0.1,0.1,-17.1,0.7,-19.8
-0.8,-1.1,9.5,0,0.1,0,-15.2,0.7,-20.9
-0.8,-1.1,9.5,0,0.1,0,-15.2,0.7,-20.9
-0.8,-1.1,9.5,-0.1,-0.1,0.1,-15.9,0.2,-20.1
-0.8,-1.1,9.5,-0.1,0.1,0,-15.9,0.2,-20.1
-0.8,-1,9.5,0,0,-0.1,-15.6,0.2,-21.2
-0.8,-1.1,9.5,0,0,0,-15.6,0.2,-21.2
-0.8,-1.1,9.5,0.1,0.1,-0.1,-15.6,0.7,-20.6
-0.8,-1,9.5,-0.1,0.1,0,-15.6,0.7,-20.6
-0.8,-1.1,9.5,0.1,0,0.1,-16.2,0.2,-19.8
-0.8,-1.1,9.5,0.1,0,-0.1,-16.2,0.2,-19.8
-0.8,-1.1,9.5,0.1,0,0,-14.8,0.2,-19.4
-0.8,-1,9.5,0,-0.1,0,-14.8,0.2,-19.4
-0.8,-1,9.5,0,0,0,-14.8,0,-20.1
-0.8,-1,9.5,0,0,0.1,-14.8,0,-20.1
-0.8,-1.1,9.4,0,-0.2,0.1,-15.6,0.7,-20.9
-0.9,-1,9.6,0,-0.1,0.1,-15.6,0.7,-20.9
-0.8,-1.1,9.5,-0.1,0.2,-0.1,-15.6,0.7,-20.1
-0.8,-1,9.5,0.1,0,-0.1,-15.6,0.7,-20.1
-0.8,-1,9.5,0.1,-0.1,0.1,-15.6,0.2,-20.9
-0.8,-1.1,9.5,-0.1,-0.1,0,-15.6,0.2,-20.9
-0.8,-1.1,9.5,0.1,0.1,-0.1,-14.4,0,-20.6
-0.9,-1,9.5,-0.1,-0.1,0.1,-14.4,0,-20.6
-0.8,-1.1,9.5,0,-0.1,0,-15.6,0.2,-20.1
-0.8,-1.1,9.5,0.1,0,-0.1,-15.6,0.2,-20.1
-0.8,-1.1,9.5,0,0.1,0,-15.6,-0.8,-20.9
-0.8,-1.1,9.5,-0.1,0,0.1,-15.6,-0.8,-20.9
-0.8,-1,9.5,-0.1,-0.1,-0.1,-15.9,0.2,-20.1
-0.9,-1.1,9.5,0.1,-0.2,0,-15.9,0.2,-20.1
-0.8,-1,9.5,0,0.1,0,-14.8,0.2,-19.8
-0.8,-1.1,9.5,0.1,0.1,0.1,-14.8,0.2,-19.8
-0.8,-1.1,9.5,0,-0.1,0,-15.6,0.2,-19.8
-0.8,-1.1,9.5,-0.1,-0.1,0,-15.6,0.2,-19.8
-0.8,-1.1,9.5,0,0,0,-15.9,0.2,-20.1
-0.8,-1.1,9.5,0,-0.1,0,-15.9,0.2,-20.1
-0.8,-1,9.5,0,0,0,-15.9,0,-20.6
-0.8,-1.1,9.5,-0.1,0,0.1,-15.9,0,-20.6
-0.8,-1.1,9.5,0,-0.1,0,-15.6,0.7,-21.2
-0.8,-1.1,9.5,0,-0.1,0,-15.6,0.7,-21.2
-0.8,-1.1,9.5,0,0.1,0.2,-15.9,0.2,-20.1
-0.8,-1.1,9.5,-0.1,0.1,0,-15.9,0.2,-20.1
-0.8,-1.1,9.5,-0.1,0.1,0.1,-15.9,0.2,-19.4
-0.8,-1,9.5,-0.1,0.1,0.1,-15.9,0.2,-19.4
-0.8,-1.1,9.5,0.2,0.1,-0.1,-15.6,0,-21.2
-0.8,-1.1,9.5,0,-0.1,0,-15.6,0,-21.2
-0.8,-1.1,9.5,0,0.1,0.1,-15.9,0.2,-20.6
-0.8,-1,9.4,-0.1,0.2,-0.1,-15.9,0.2,-20.6
-0.8,-1,9.5,0.1,0,0.1,-15.9,0.2,-20.6
-0.8,-1.1,9.5,0,0,0.1,-15.9,0.2,-20.6
-0.8,-1,9.5,0,0.2,-0.1,-17.1,0.7,-19.8
-0.8,-1.1,9.5,0.1,0.1,0.1,-17.1,0.7,-19.8
-0.8,-1.1,9.5,0,0.1,0,-15.2,0.7,-20.9
-0.8,-1.1,9.5,0,0.1,0,-15.2,0.7,-20.9
-0.8,-1.1,9.5,-0.1,-0.1,0.1,-15.9,0.2,-20.1
-0.8,-1.1,9.5,-0.1,0.1,0,-15.9,0.2,-20.1
-0.8,-1,9.5,0,0,-0.1,-15.6,0.2,-21.2
-0.8,-1.1,9.5,0,0,0,-15.6,0.2,-21.2
-0.8,-1.1,9.5,0.1,0.1,-0.1,-15.6,0.7,-20.6
-0.8,-1,9.5,-0.1,0.1,0,-15.6,0.7,-20.6
-0.8,-1.1,9.5,0.1,0,0.1,-16.2,0.2,-19.8
-0.8,-1.1,9.5,0.1,0,-0.1,-16.2,0.2,-19.8
-0.8,-1.1,9.5,0.1,0,0,-14.8,0.2,-19.4
-0.8,-1,9.5,0,-0.1,0,-14.8,0.2,-19.4
-0.8,-1,9.5,0,0,0,-14.8,0,-20.1
-0.8,-1,9.5,0,0,0.1,-14.8,0,-20.1
-0.8,-1.1,9.5,0.1,-0.2,-0.1,-16.2,0.2,-20.9
-0.8,-1.1,9.5,0,-0.1,0,-16.2,0.2,-20.9
-0.8,-1.1,9.5,0.1,0,0,-15.9,0.2,-20.1
-0.8,-1,9.5,0.1,0,-0.1,-15.9,0.2,-20.1
-0.8,-1.1,9.5,0,0.1,-0.1,-15.9,0.2,-20.6
-0.8,-1.1,9.5,0,-0.1,-0.1,-15.9,0.2,-20.6
-0.8,-1.1,9.5,0.1,-0.1,0.1,-16.2,0.2,-20.1
-0.8,-1.1,9.5,0,-0.1,-0.1,-16.2,0.2,-20.1
-0.8,-1,9.5,0,0.1,0,-15.2,0.7,-19.8
-0.9,-1.1,9.5,-0.1,-0.1,0,-15.2,0.7,-19.8
-0.8,-1.1,9.5,0.1,-0.1,0,-16.2,1.1,-20.6
-0.8,-1,9.5,-0.1,0.1,0.1,-16.2,1.1,-20.6
-0.8,-1,9.5,0,-0.1,-0.1,-15.6,1.1,-20.6
-0.8,-1.1,9.5,0.1,0.1,0,-15.6,1.1,-20.6
-0.8,-1.1,9.5,-0.1,0.2,0,-15.6,0.7,-20.1
-0.8,-1,9.5,0,-0.1,-0.1,-15.6,0.7,-20.1
-0.8,-1,9.5,0.1,0.1,0.1,-15.6,0.7,-20.6
-0.8,-1,9.5,0,0.1,-0.1,-15.6,0.7,-20.6
-0.8,-1.1,9.5,-0.1,0.1,0,-15.6,0.2,-19.8
-0.8,-1.1,9.5,0,0.1,-0.1,-15.6,0.2,-19.8
-0.8,-1,9.5,0.1,-0.1,-0.1,-15.6,0.7,-21.2
-0.8,-1.1,9.5,-0.1,0,0,-15.6,0.7,-21.2
-0.8,-1.1,9.5,0,0.1,0,-16.2,0,-21.2
-0.8,-1.1,9.5,-0.1,0,0,-16.2,0,-21.2
-0.8,-1.1,9.5,-0.1,0.1,0.1,-15.6,0.2,-19.8
-0.8,-1,9.5,-0.1,0,0.1,-15.6,0.2,-19.8
-0.8,-1.1,9.5,-0.1,-0.1,0.1,-15.6,1.1,-19.8
-0.8,-1.1,9.5,0.1,0.1,-0.1,-15.6,1.1,-19.8
-0.8,-1,9.5,0.1,-0.1,0.1,-15.2,0.7,-20.9
-0.8,-1.1,9.5,0.1,-0.1,0.1,-15.2,0.7,-20.9
-0.8,-1,9.5,0.1,0.1,0.1,-15.6,0.2,-20.9
-0.8,-1,9.5,0.1,0.1,-0.1,-15.6,0.2,-20.9
-0.8,-1.1,9.5,0,0.1,-0.1,-14.8,-0.8,-20.6
-0.8,-1,9.5,-0.1,-0.1,0,-14.8,-0.8,-20.6
-0.8,-1.1,9.5,-0.1,-0.1,0.1,-15.2,0.2,-20.1
-0.8,-1.1,9.5,-0.1,0.1,0,-15.2,0.2,-20.1
-0.9,-1.1,9.5,0.1,0.1,0.1,-16.7,0.7,-21.2
-0.8,-1,9.5,0.1,-0.1,0,-16.7,0.7,-21.2
-0.8,-1.1,9.5,-0.1,0.1,0,-15.9,0.2,-19.4
-0.8,-1.1,9.6,0.1,0,0,-15.9,0.2,-19.4
-0.8,-1,9.5,-0.1,0.1,0.1,-16.2,0,-20.6
-0.8,-1.1,9.6,-0.1,-0.1,0.1,-16.2,0,-20.6
-0.8,-1.1,9.5,-0.1,0,0.1,-15.2,0.2,-20.9
-0.8,-1.1,9.5,-0.1,0,-0.1,-15.2,0.2,-20.9
-0.8,-1.1,9.5,-0.1,0.1,0,-16.2,-0.4,-20.1
-0.8,-1.1,9.5,-0.1,0.1,-0.1,-16.2,-0.4,-20.1
-0.8,-1,9.5,0,0.1,0,-15.6,0.2,-20.6
-0.8,-1.1,9.5,-0.1,-0.1,0.1,-15.6,0.2,-20.6
-0.8,-1.1,9.5,0,0.2,0,-15.2,0.2,-21.2
-0.8,-1.1,9.5,0,-0.1,0.1,-15.2,0.2,-21.2
-0.8,-1,9.5,0,0.1,0.1,-15.2,0.2,-20.9
-0.8,-1.1,9.5,0,-0.1,0,-16.2,0.2,-20.9
-0.8,-1.1,9.5,0.1,0,0,-15.9,0.2,-20.1
-0.8,-1,9.5,0.1,0,-0.1,-15.9,0.2,-20.1
-0.8,-1.1,9.5,0,0.1,-0.1,-15.9,0.2,-20.6
-0.8,-1.1,9.5,0,-0.1,-0.1,-15.9,0.2,-20.6
-0.8,-1.1,9.5,0.1,-0.1,0.1,-16.2,0.2,-20.1
-0.8,-1.1,9.5,0,-0.1,-0.1,-16.2,0.2,-20.1
-0.8,-1,9.5,0,0.1,0,-15.2,0.7,-19.8
-0.9,-1.1,9.5,-0.1,-0.1,0,-15.2,0.7,-19.8
-0.8,-1.1,9.5,0.1,-0.1,0,-16.2,1.1,-20.6
-0.8,-1,9.5,-0.1,0.1,0.1,-16.2,1.1,-20.6
-0.8,-1,9.5,0,-0.1,-0.1,-15.6,1.1,-20.6
-0.8,-1.1,9.5,0.1,0.1,0,-15.6,1.1,-20.6
-0.8,-1.1,9.5,-0.1,0.2,0,-15.6,0.7,-20.1
-0.8,-1,9.5,0,-0.1,-0.1,-15.6,0.7,-20.1
-0.8,-1,9.5,0.1,0.1,0.1,-15.6,0.7,-20.6
-0.8,-1,9.5,0,0.1,-0.1,-15.6,0.7,-20.6
-0.8,-1.1,9.5,-0.1,0.1,0,-15.6,0.2,-19.8
-0.8,-1.1,9.5,0,0.1,-0.1,-15.6,0.2,-19.8
-0.8,-1,9.5,0.1,-0.1,-0.1,-15.6,0.7,-21.2
-0.8,-1.1,9.5,-0.1,0,0,-15.6,0.7,-21.2
-0.8,-1.1,9.5,0,0.1,0,-16.2,0,-21.2
-0.8,-1.1,9.5,-0.1,0,0,-16.2,0,-21.2
-0.8,-1.1,9.5,-0.1,0.1,0.1,-15.6,0.2,-19.8
-0.8,-1,9.5,-0.1,0,0.1,-15.6,0.2,-19.8
-0.8,-1.1,9.5,-0.1,-0.1,0.1,-15.6,1.1,-19.8
-0.8,-1.1,9.5,0.1,0.1,-0.1,-15.6,1.1,-19.8
-0.8,-1,9.5,0.1,-0.1,0.1,-15.2,0.7,-20.9
-0.8,-1.1,9.5,0.1,-0.1,0.1,-15.2,0.7,-20.9
-0.8,-1,9.5,0.1,0.1,0.1,-15.6,0.2,-20.9
-0.8,-1,9.5,0.1,0.1,-0.1,-15.6,0.2,-20.9
-0.8,-1.1,9.5,0,0.1,-0.1,-14.8,-0.8,-20.6
-0.8,-1,9.5,-0.1,-0.1,0,-14.8,-0.8,-20.6
-0.8,-1.1,9.5,-0.1,-0.1,0.1,-15.2,0.2,-20.1
-0.8,-1.1,9.5,-0.1,0.1,0,-15.2,0.2,-20.1
-0.9,-1.1,9.5,0.1,0.1,0.1,-16.7,0.7,-21.2
-0.8,-1,9.5,0.1,-0.1,0,-16.7,0.7,-21.2
-0.8,-1.1,9.5,-0.1,0.1,0,-15.9,0.2,-19.4
-0.8,-1.1,9.6,0.1,0,0,-15.9,0.2,-19.4
-0.8,-1,9.5,-0.1,0.1,0.1,-16.2,0,-20.6
-0.8,-1.1,9.6,-0.1,-0.1,0.1,-16.2,0,-20.6
-0.8,-1.1,9.5,-0.1,0,0.1,-15.2,0.2,-20.9
-0.8,-1.1,9.5,-0.1,0,-0.1,-15.2,0.2,-20.9
-0.8,-1.1,9.5,-0.1,0.1,0,-16.2,-0.4,-20.1
-0.8,-1.1,9.5,-0.1,0.1,-0.1,-16.2,-0.4,-20.1
-0.8,-1,9.5,0,0.1,0,-15.6,0.2,-20.6
-0.8,-1.1,9.5,-0.1,-0.1,0.1,-15.6,0.2,-20.6
-0.8,-1.1,9.5,0,0.2,0,-15.2,0.2,-21.2
-0.8,-1.1,9.5,0,-0.1,0.1,-15.2,0.2,-21.2
-0.8,-1,9.5,0,0.1,0.1,-15.2,0.2,-20.9
-0.8,-1.1,9.5,0,0.2,0.1,-15.2,0.2,-20.9